<?xml version="1.0"?>
<module>
	<type>language</type>
	<name>简体中文 (Simplified Chinese)</name>
	<label>简体中文</label>
	<prefix>zh_cn</prefix>
	<version>5.4.0</version>
	<encoding>UTF-8</encoding>
	<creationDate>2012-10-21</creationDate>
	<author>YUCHENG HU - OSSEZ LLC</author>
	<dependencies>
		<vtiger_version>5.4.0</vtiger_version>
		<vtiger_max_version>5.*</vtiger_max_version>
	</dependencies>

	<license>
		<inline><![CDATA[
--------------------------------------------------------------------------------
 OSS 计算技术 - vTiger 5.4.0简体中文更新程序
 SN 20121021
 OSSEZ (中国) 信息技术有限公司  - OSSEZ INFO OF TECH 
 www.ossez.com / bug.ossez.com
 支持的浏览器 - IE 7 或 FireFox 3.0 以上版本
--------------------------------------------------------------------------------

 许可协议：
 1. 本软件产品遵守 GPLv2 使用许可协议。
 2. 本软件产品属于知识产权保护产品，如果您在未获得授权的情况下使用在法律限定范围内得到最大限度的起诉。
 
 ]]>
		</inline>
	</license>

</module>